Date,Open,High,Low,Close,Shares Traded,Turnover (Rs. Cr)
01-Oct-2014,15370.7,15377.6,15270.95,15316.2,20668460,1323.06
07-Oct-2014,15214.25,15344.6,15157.7,15180.25,20601315,1574.35
08-Oct-2014,15130.35,15371.8,15130.35,15344.0,19840589,1410.06
09-Oct-2014,15434.35,15795.65,15434.35,15741.2,27780819,1784.65
10-Oct-2014,15603.45,15628.75,15439.35,15453.8,24179823,1362.02
13-Oct-2014,15360.7,15705.7,15301.65,15677.5,26082820,1597.67
14-Oct-2014,15790.95,15843.7,15560.25,15751.55,32225926,1864.61
16-Oct-2014,15690.35,15836.15,15477.05,15541.6,30855086,2004.6
17-Oct-2014,15617.35,15973.5,15603.45,15929.8,31311659,1962.83
20-Oct-2014,16259.7,16297.25,16157.05,16216.6,32100648,2135.01
21-Oct-2014,16281.95,16452.85,16269.0,16427.25,37131786,2498.99
22-Oct-2014,16570.4,16572.5,16365.6,16444.7,22170074,1623.45
23-Oct-2014,16508.4,16524.9,16444.05,16470.05,2960759,209.33
27-Oct-2014,16538.9,16664.3,16470.85,16556.6,22942944,1637.58
28-Oct-2014,16607.5,16702.3,16607.5,16667.0,18058541,1600.86
29-Oct-2014,16770.2,16770.2,16596.25,16634.05,19023898,1619.2
30-Oct-2014,16606.5,16776.35,16561.35,16760.05,32012908,2565.48
31-Oct-2014,16812.45,17060.15,16783.65,17045.05,30066791,2379.73
03-Nov-2014,17087.0,17168.4,16934.85,17134.1,27947948,1997.6
05-Nov-2014,17201.45,17425.2,17157.8,17352.95,26884330,2313.87
07-Nov-2014,17366.85,17383.6,17202.2,17347.05,27539546,2078.62
10-Nov-2014,17364.65,17412.0,17203.0,17262.4,18619468,1436.89
11-Nov-2014,17266.25,17434.15,17220.45,17390.2,22486483,1805.57
12-Nov-2014,17461.45,17635.9,17453.45,17587.05,27093290,2126.71
13-Nov-2014,17645.3,17651.0,17389.65,17453.0,23662826,2014.64
14-Nov-2014,17460.55,17601.15,17410.5,17576.8,27021001,2714.55
17-Nov-2014,17571.7,17676.6,17469.25,17640.4,26928513,2918.64
18-Nov-2014,17672.85,17750.25,17601.15,17702.55,24168195,2396.84
19-Nov-2014,17739.2,17745.7,17557.1,17585.65,19839984,1807.93
20-Nov-2014,17649.35,17681.8,17546.7,17645.05,38059457,1934.7
21-Nov-2014,17767.75,18139.95,17716.65,18056.3,56331995,3290.41
24-Nov-2014,18128.6,18313.1,18119.65,18281.95,40439295,2126.39
25-Nov-2014,18261.95,18261.95,17992.5,18037.05,57611224,2730.78
26-Nov-2014,17914.35,18128.15,17890.85,17975.95,32391132,1895.92
27-Nov-2014,17988.7,18054.65,17898.4,18022.5,44024254,2487.49
28-Nov-2014,18082.4,18615.4,18082.4,18513.15,67159535,3499.68
01-Dec-2014,18586.95,18676.1,18497.0,18525.3,43682395,2499.43
02-Dec-2014,18434.75,18601.85,18301.0,18555.85,54738132,2782.67
03-Dec-2014,18549.75,18723.65,18518.0,18645.85,44130903,2368.4
04-Dec-2014,18758.8,18793.15,18575.35,18782.85,46278757,2056.97
05-Dec-2014,18827.6,18875.45,18706.25,18756.75,41358139,1933.54
08-Dec-2014,18804.95,18804.95,18486.55,18510.05,32475946,1507.98
09-Dec-2014,18499.95,18585.35,18248.1,18290.65,39683603,1710.9
10-Dec-2014,18183.1,18532.9,18183.1,18462.95,47192327,2061.36
11-Dec-2014,18427.5,18529.65,18218.4,18405.0,45844918,2034.58
12-Dec-2014,18413.7,18501.75,18236.55,18299.75,38148580,1651.16
15-Dec-2014,18176.7,18470.05,18157.25,18372.65,41440078,1897.66
16-Dec-2014,18249.0,18308.95,17776.35,17830.55,63860864,2635.91
17-Dec-2014,17762.25,18051.85,17502.45,17865.75,81367367,3305.99
18-Dec-2014,18238.0,18356.3,18109.35,18326.6,56245826,2226.37
19-Dec-2014,18545.7,18563.6,18413.75,18478.9,63612345,2565.23
22-Dec-2014,18562.35,18801.15,18424.0,18747.35,39132217,1620.88
23-Dec-2014,18746.8,18923.6,18558.5,18603.75,41066755,1733.21
24-Dec-2014,18582.75,18709.15,18493.3,18535.35,54661971,2308.86
26-Dec-2014,18602.55,18681.75,18448.6,18557.2,29898270,1165.86
29-Dec-2014,18589.6,18700.7,18501.05,18528.35,26414596,1065.86
30-Dec-2014,18573.25,18671.95,18428.1,18647.55,33793298,1442.86
31-Dec-2014,18659.6,18774.2,18659.6,18736.65,27006490,1196.26
01-Jan-2015,18728.2,18781.55,18638.85,18750.45,20469847,810.17
02-Jan-2015,18752.2,19118.85,18752.2,19057.8,41288039,1713.48
05-Jan-2015,19155.2,19166.0,18987.7,19017.4,36318747,1497.4
06-Jan-2015,18874.6,18874.6,18388.35,18430.75,52069776,2124.64
07-Jan-2015,18382.55,18482.05,18211.5,18304.25,58241387,2341.58
08-Jan-2015,18587.1,18752.3,18486.2,18701.4,47744703,2208.7
09-Jan-2015,18845.9,18864.0,18479.65,18637.25,51848548,2360.78
12-Jan-2015,18632.0,18822.05,18530.1,18795.85,35089936,1429.2
13-Jan-2015,18889.0,18920.65,18642.8,18707.2,44597947,2054.14
14-Jan-2015,18670.4,18769.65,18517.9,18603.8,41590949,1849.89
15-Jan-2015,19340.45,19410.4,19061.35,19235.65,86507935,3633.25
16-Jan-2015,19274.15,19275.8,19108.35,19223.15,64054519,2727.26
19-Jan-2015,19345.65,19434.2,19299.1,19406.05,43457730,1841.28
20-Jan-2015,19446.8,19808.25,19446.8,19767.05,53748223,2506.48
21-Jan-2015,19811.85,19964.95,19803.15,19843.25,70754102,3107.26
22-Jan-2015,19898.5,19964.25,19788.7,19917.65,48970464,2088.71
23-Jan-2015,20133.85,20167.65,19967.35,20072.7,60572191,2518.75
27-Jan-2015,20179.8,20609.25,20098.25,20555.25,54239370,2361.39
28-Jan-2015,20507.5,20907.55,20435.0,20491.75,67840741,3129.13
29-Jan-2015,20475.7,20579.0,20338.95,20528.6,74660443,3311.8
30-Jan-2015,20600.65,20600.65,19732.45,19843.75,120252455,4112.58
02-Feb-2015,19778.95,19991.4,19564.5,19865.9,90687967,3676.27
03-Feb-2015,19941.7,19963.7,19303.5,19382.95,107824150,3966.45
04-Feb-2015,19423.25,19423.25,19113.35,19174.0,81360048,3179.43
05-Feb-2015,19170.15,19444.65,18977.9,19051.9,70976148,2647.49
06-Feb-2015,19066.25,19119.7,18740.35,18786.7,72602607,2547.37
09-Feb-2015,18650.0,18667.05,18379.6,18403.85,60429342,2079.53
10-Feb-2015,18242.95,18933.7,18226.9,18752.5,95139429,3524.0
11-Feb-2015,18890.75,19051.8,18890.75,18940.8,56943797,2057.01
12-Feb-2015,19073.45,19176.8,18739.85,19128.6,71078575,2479.52
13-Feb-2015,19284.3,19441.0,19164.25,19369.7,114369392,3822.34
16-Feb-2015,19518.85,19532.7,19127.15,19189.95,57732371,2122.5
18-Feb-2015,19226.4,19389.8,19171.9,19296.5,46736878,1740.35
19-Feb-2015,19296.15,19377.45,18876.25,19188.3,53870593,1956.43
20-Feb-2015,19157.3,19307.8,18882.25,19073.55,63838362,2321.42
23-Feb-2015,19199.15,19219.75,18835.35,18913.4,51088766,2071.28
24-Feb-2015,18940.45,19022.15,18737.75,18883.8,59152218,2395.76
25-Feb-2015,18969.2,19069.15,18700.2,18733.05,54229904,2122.15
26-Feb-2015,18781.4,18795.1,18489.6,18538.1,76878910,2894.35
27-Feb-2015,18659.65,19114.45,18654.85,19074.55,69819276,2581.78
28-Feb-2015,19306.5,19776.9,19023.55,19691.2,100390043,4013.78
02-Mar-2015,19954.5,20065.5,19750.85,20008.1,76974161,3513.38
03-Mar-2015,20043.4,20043.4,19821.55,19961.2,58340797,2359.94
04-Mar-2015,20541.65,20541.65,19555.1,19643.9,118684182,4758.11
05-Mar-2015,19605.6,19830.35,19398.75,19748.0,59875106,2436.46
09-Mar-2015,19545.25,19545.25,19112.65,19145.55,53042357,2049.83
10-Mar-2015,19170.3,19271.8,18915.1,19054.4,57599232,2164.93
11-Mar-2015,19050.3,19181.8,18917.9,19044.0,55360126,2007.31
12-Mar-2015,19201.1,19255.9,19095.3,19141.85,41367973,1616.17
13-Mar-2015,19359.75,19376.85,18737.35,18779.8,54939717,2009.37
16-Mar-2015,18786.65,18912.85,18688.0,18837.35,48153899,1879.14
17-Mar-2015,18961.3,19121.85,18781.5,19058.25,47743992,1758.87
18-Mar-2015,19080.25,19234.4,18937.25,19147.25,59060854,2112.6
19-Mar-2015,19345.7,19373.45,18739.85,18811.15,51683013,2152.84
20-Mar-2015,18778.8,18782.95,18541.5,18606.35,62962667,2394.26
23-Mar-2015,18695.05,18696.7,18409.9,18449.0,42987120,1577.49
24-Mar-2015,18348.35,18546.25,18289.75,18331.45,62690934,2321.27
25-Mar-2015,18364.3,18433.0,18271.6,18310.1,53985052,2021.21
26-Mar-2015,18138.8,18224.1,17729.1,17831.65,104061184,4444.31
27-Mar-2015,18013.65,18092.4,17719.35,18044.8,79498523,2881.25
30-Mar-2015,18160.2,18393.25,18089.45,18361.8,50868224,1892.47
31-Mar-2015,18424.1,18494.35,18158.55,18206.65,57948741,2023.51
01-Apr-2015,18204.55,18668.85,18131.4,18617.85,45673069,1589.69
06-Apr-2015,18702.6,18702.6,18455.2,18605.45,47587506,1778.08
07-Apr-2015,18666.6,18669.6,18351.8,18469.3,53179556,2022.51
08-Apr-2015,18559.55,18595.6,18381.55,18416.6,45753359,1657.73
09-Apr-2015,18523.35,18894.75,18401.45,18875.85,72684119,2674.77
10-Apr-2015,18869.85,18896.5,18724.95,18800.85,54223553,1938.29
13-Apr-2015,18842.25,18890.65,18708.3,18798.25,43773210,1619.82
15-Apr-2015,18848.65,19038.5,18615.85,18716.3,66391246,2650.82
16-Apr-2015,18731.65,18731.65,18504.7,18637.05,55609375,2228.76
17-Apr-2015,18618.5,18625.75,18321.75,18345.55,57298263,2242.75
20-Apr-2015,18386.25,18500.3,17984.65,18112.75,57294278,2301.6
21-Apr-2015,18102.3,18328.35,18036.9,18105.75,53177130,2098.63
22-Apr-2015,18196.85,18297.2,17798.65,18243.7,61974250,2452.83
23-Apr-2015,18350.35,18433.8,18143.75,18245.6,56980744,2726.39
24-Apr-2015,18290.75,18290.75,17916.8,18001.9,52289660,2100.28
27-Apr-2015,18063.6,18075.7,17738.9,17767.6,66541958,2360.94
28-Apr-2015,17766.55,18320.1,17766.55,18246.25,77448235,2907.93
29-Apr-2015,18255.8,18431.9,18202.4,18302.65,60010265,2353.96
30-Apr-2015,18318.85,18430.05,18163.9,18338.1,92163016,3863.55
04-May-2015,18417.5,18586.3,18350.95,18501.3,38833685,1454.35
05-May-2015,18500.0,18563.05,18396.8,18471.45,39419171,1844.4
06-May-2015,18436.9,18580.1,17757.7,17799.55,66730522,2647.06
07-May-2015,17751.4,17751.4,17246.55,17376.9,60253207,2309.36
08-May-2015,17600.25,17907.5,17600.25,17796.6,88963421,2861.54
11-May-2015,17921.15,18240.65,17841.75,18199.75,108498669,2834.03
12-May-2015,18193.55,18193.55,17597.75,17628.65,69364982,2206.9
13-May-2015,17779.25,18127.8,17650.35,18097.45,63573496,2280.41
14-May-2015,18071.0,18156.95,17806.1,18116.2,54448233,1859.95
15-May-2015,18178.4,18260.3,18108.55,18183.15,63070882,2270.96
18-May-2015,18274.6,18439.7,18213.75,18422.95,46167235,1640.83
19-May-2015,18364.9,18556.05,18296.75,18380.4,54669360,1979.4
20-May-2015,18432.6,18619.6,18432.6,18555.15,42764836,1538.13
21-May-2015,18593.85,18603.8,18398.65,18513.15,51708394,1736.47
22-May-2015,18560.85,18755.45,18354.55,18433.3,110163572,3388.67
25-May-2015,18405.05,18475.55,18302.5,18324.85,52100958,1703.7
26-May-2015,18339.1,18378.2,18226.0,18329.3,35176215,1219.4
27-May-2015,18299.65,18561.5,18236.25,18538.85,47772490,1601.13
28-May-2015,18562.75,18639.65,18381.75,18449.2,78588818,2738.15
29-May-2015,18486.4,18751.2,18461.45,18721.35,58085375,2009.08
01-Jun-2015,18721.15,18832.5,18598.7,18617.0,35755937,1352.68
02-Jun-2015,18656.05,18656.05,17932.3,17977.3,66799306,2331.6
03-Jun-2015,17978.15,17978.15,17567.2,17721.4,73475921,2506.46
04-Jun-2015,17757.35,17777.9,17469.65,17719.2,68045447,2316.6
05-Jun-2015,17679.9,17786.5,17506.25,17549.25,59916302,2135.17
08-Jun-2015,17542.5,17561.4,17358.45,17432.6,61733263,2014.79
09-Jun-2015,17413.45,17560.5,17392.95,17489.9,57344058,1928.03
10-Jun-2015,17485.9,17782.0,17485.9,17707.25,49732467,1851.67
11-Jun-2015,17819.6,17821.9,17264.2,17304.4,75497870,2598.88
12-Jun-2015,17298.45,17551.35,17174.7,17523.55,56900277,1978.75
15-Jun-2015,17499.35,17579.0,17366.15,17458.7,51230225,1787.9
16-Jun-2015,17368.45,17651.9,17293.45,17602.45,47541970,1693.78
17-Jun-2015,17681.2,17692.55,17533.45,17584.05,50116633,1830.49
18-Jun-2015,17661.9,17797.35,17630.65,17733.55,53456551,1930.96
19-Jun-2015,17758.95,17935.3,17730.7,17880.85,45309746,1524.98
22-Jun-2015,17956.55,18420.95,17950.6,18334.5,61419191,2154.12
23-Jun-2015,18414.55,18499.6,18287.25,18391.35,61660708,2112.19
24-Jun-2015,18403.9,18499.75,18304.95,18365.55,50177396,1766.86
25-Jun-2015,18312.85,18539.15,18278.7,18492.9,83574982,2822.78
26-Jun-2015,18461.6,18461.6,18199.25,18371.5,51902054,1740.31
29-Jun-2015,17962.5,18291.75,17821.9,18241.25,56450814,1846.26
30-Jun-2015,18204.85,18342.5,18086.8,18296.1,57085356,1978.5
01-Jul-2015,18275.6,18629.15,18261.9,18581.6,58558613,2034.29
02-Jul-2015,18605.1,18642.85,18513.3,18585.55,46594751,1838.3
03-Jul-2015,18535.7,18756.65,18535.7,18729.65,37531821,1423.01
06-Jul-2015,18488.35,18855.9,18417.35,18825.15,42769838,1692.4
07-Jul-2015,18794.1,18980.65,18713.15,18798.5,46335758,1680.1
08-Jul-2015,18579.65,18669.45,18402.85,18463.15,61686240,2520.84
09-Jul-2015,18442.15,18584.0,18409.2,18508.7,40159309,1530.46
10-Jul-2015,18584.95,18767.8,18534.55,18719.8,47365522,1655.66
13-Jul-2015,18753.8,18929.2,18657.6,18893.55,44253570,1920.38
14-Jul-2015,18913.75,18940.85,18734.4,18780.2,41870853,1554.23
15-Jul-2015,18801.5,18894.9,18773.9,18816.25,39321890,1278.66
16-Jul-2015,18870.5,19195.4,18867.5,19168.05,59754376,2629.76
17-Jul-2015,19175.3,19229.05,19069.3,19094.7,37799797,1540.99
20-Jul-2015,19126.1,19149.05,18852.7,19032.7,57348699,1474.65
21-Jul-2015,19042.95,19101.5,18702.45,18723.4,40091629,1456.01
22-Jul-2015,18683.3,19038.15,18613.6,18997.0,45250592,1661.48
23-Jul-2015,18990.85,19091.45,18819.25,18865.0,41291991,1521.39
24-Jul-2015,18832.45,18860.75,18613.55,18635.85,59850422,2291.52
27-Jul-2015,18566.55,18566.55,18187.45,18213.05,48338057,1715.4
28-Jul-2015,18250.65,18379.1,18174.2,18282.8,92774462,2575.39
29-Jul-2015,18331.55,18383.65,18264.3,18323.4,54583692,1922.34
30-Jul-2015,18383.0,18521.75,18367.2,18440.4,106468416,2892.59
31-Jul-2015,18489.85,18828.85,18474.8,18729.85,117407559,3649.78
03-Aug-2015,18782.65,19016.4,18782.65,18914.7,94100555,2911.08
04-Aug-2015,18968.25,19067.35,18758.9,18972.6,104132738,3200.31
05-Aug-2015,19047.3,19103.7,18868.65,18928.55,67018432,1960.65
06-Aug-2015,18946.3,19100.55,18830.4,19029.35,59517717,1832.47
07-Aug-2015,18992.8,19019.65,18849.15,18893.55,41653570,1299.91
10-Aug-2015,18926.1,19071.35,18781.3,18875.0,43121213,1446.95
11-Aug-2015,18918.55,18918.55,18555.5,18616.9,76413031,2272.9
12-Aug-2015,18515.2,18515.2,18034.75,18059.75,68321743,2143.2
13-Aug-2015,18211.5,18359.25,18080.5,18175.4,56495503,1878.94
14-Aug-2015,18275.5,18766.0,18193.1,18723.6,68472344,2189.85
17-Aug-2015,18763.05,18896.45,18580.65,18822.05,122687958,3249.4
18-Aug-2015,18862.15,18874.1,18595.5,18780.85,81705775,2363.47
19-Aug-2015,18753.45,18803.5,18636.1,18703.25,54367547,1719.95
20-Aug-2015,18533.25,18711.35,18219.9,18283.1,76744606,2633.36
21-Aug-2015,17978.25,18118.8,17842.1,18057.2,86612685,3061.52
24-Aug-2015,17446.35,17446.35,16740.7,16811.8,138307572,4458.02
25-Aug-2015,17084.15,17269.15,16670.55,17192.75,123179428,3659.72
26-Aug-2015,17113.1,17172.2,16875.5,16917.65,83956178,2370.31
27-Aug-2015,17175.65,17249.5,17061.85,17214.4,115472196,3573.28
28-Aug-2015,17425.3,17569.8,17099.8,17211.95,76587431,2548.57
31-Aug-2015,17137.25,17353.3,17028.9,17146.55,69185388,2015.18
01-Sep-2015,16983.8,16983.8,16436.85,16530.3,82805160,2561.32
02-Sep-2015,16703.95,16714.5,16218.65,16252.7,92263285,2721.1
03-Sep-2015,16404.95,16607.4,16320.55,16555.4,67618554,2045.04
04-Sep-2015,16444.2,16444.2,15933.15,16129.1,88284844,2544.32
07-Sep-2015,16222.2,16273.35,15762.2,15790.1,70985097,2071.52
08-Sep-2015,15888.5,16419.0,15819.55,16350.95,82216809,2722.37
09-Sep-2015,16658.35,16781.55,16462.45,16631.5,86171475,2809.0
10-Sep-2015,16351.75,16711.55,16192.25,16597.65,62602462,1936.25
11-Sep-2015,16682.25,16781.15,16518.8,16612.6,62307225,1883.93
14-Sep-2015,16596.5,16937.9,16525.15,16911.8,50037659,1632.82
15-Sep-2015,16905.8,16919.45,16681.55,16739.55,62041195,2006.14
16-Sep-2015,16885.2,17015.75,16780.15,16964.85,56132969,1918.47
18-Sep-2015,17184.25,17602.0,17156.2,17409.15,101963107,3490.04
21-Sep-2015,17186.05,17571.3,17178.85,17542.9,54440559,1755.03
22-Sep-2015,17574.6,17652.35,16946.25,17031.15,66788167,2106.0
23-Sep-2015,16783.8,17309.7,16759.0,17255.3,62555647,2058.16
24-Sep-2015,17206.1,17283.1,17070.55,17196.65,57933912,2058.28
28-Sep-2015,17286.25,17384.75,17073.95,17100.3,44270111,1610.18
29-Sep-2015,16859.75,17461.35,16648.3,17281.2,121822683,4146.63
30-Sep-2015,17404.75,17449.85,17100.2,17216.3,69972702,2451.94
01-Oct-2015,17362.95,17390.6,17111.65,17150.2,47938874,1672.66
05-Oct-2015,17373.55,17699.75,17362.7,17674.05,63887128,2219.7
06-Oct-2015,17822.7,17827.15,17493.75,17605.35,54328513,1785.8
07-Oct-2015,17577.5,17674.55,17500.35,17616.8,50519627,1781.59
08-Oct-2015,17622.85,17622.85,17401.2,17474.3,50874056,1739.83
09-Oct-2015,17640.4,17749.55,17498.45,17590.25,56206754,2061.15
12-Oct-2015,17642.6,17759.8,17546.95,17583.15,51852861,1486.42
13-Oct-2015,17530.55,17632.25,17473.7,17554.85,42876621,1378.63
14-Oct-2015,17453.0,17598.1,17434.05,17543.25,36203784,1182.98
15-Oct-2015,17604.45,17752.7,17582.85,17686.1,45583753,1558.44
16-Oct-2015,17701.5,17947.75,17583.55,17912.85,47119014,1583.34
19-Oct-2015,17911.65,17954.9,17817.95,17855.05,33082057,1094.46
20-Oct-2015,17843.65,17940.4,17755.65,17830.25,43600373,1418.03
21-Oct-2015,17814.55,17891.75,17565.35,17710.55,75991251,1585.71
23-Oct-2015,17859.75,17980.5,17852.55,17934.05,52769531,1641.27
26-Oct-2015,18027.1,18029.05,17798.65,17815.05,48475058,1510.58
27-Oct-2015,17738.45,17855.35,17738.45,17806.3,44418165,1729.55
28-Oct-2015,17589.35,17682.45,17281.4,17373.15,88770165,3350.25
29-Oct-2015,17388.4,17400.2,17178.85,17212.2,83585173,3212.52
30-Oct-2015,17249.9,17399.1,17170.35,17354.5,76279136,2769.24
02-Nov-2015,17351.45,17372.25,17208.95,17340.6,48711521,1592.49
03-Nov-2015,17436.5,17466.2,17265.05,17325.6,44370782,1520.72
04-Nov-2015,17449.0,17449.0,17175.65,17221.05,41020104,1306.0
05-Nov-2015,17166.45,17166.45,16957.35,16995.1,46706567,1516.61
06-Nov-2015,17003.0,17143.6,16911.6,17086.5,120185655,2901.44
09-Nov-2015,16667.9,17069.0,16587.25,17003.0,80562033,2519.91
10-Nov-2015,16895.2,17047.3,16805.05,16836.0,60864871,1692.89
11-Nov-2015,16944.7,17016.8,16935.9,16956.0,10972178,393.04
13-Nov-2015,16829.3,16962.55,16741.8,16932.85,47160823,1655.74
16-Nov-2015,16881.65,17230.5,16855.5,17184.9,50710286,1543.3
17-Nov-2015,17302.55,17302.55,17028.2,17140.45,53695877,1608.57
18-Nov-2015,17108.9,17186.7,16787.55,16812.1,44250311,1342.1
19-Nov-2015,16944.35,17110.35,16874.7,17071.9,42911555,1427.0
20-Nov-2015,17022.7,17262.85,16931.3,17055.6,56529641,1862.49
23-Nov-2015,17120.25,17126.35,16969.35,17060.25,45465543,1430.55
24-Nov-2015,17012.85,17108.4,16964.9,16988.65,39690936,1265.36
26-Nov-2015,16988.2,17111.45,16972.6,17036.55,74810537,2690.8
27-Nov-2015,17095.2,17403.65,17049.55,17370.95,70130117,2097.43
30-Nov-2015,17336.25,17498.35,17336.25,17430.4,57553672,1861.22
01-Dec-2015,17456.75,17495.45,17353.85,17398.55,40750147,1395.83
02-Dec-2015,17457.15,17470.85,17164.0,17218.5,40854274,1263.18
03-Dec-2015,17137.8,17219.0,17080.25,17110.1,41691597,1323.84
04-Dec-2015,17009.45,17009.45,16880.35,16897.3,47280436,1522.98
07-Dec-2015,17018.0,17031.85,16921.75,16947.0,34913097,1162.91
08-Dec-2015,16888.65,16943.05,16783.65,16801.15,43130595,1340.55
09-Dec-2015,16762.15,16868.6,16626.55,16660.75,41301150,1274.24
10-Dec-2015,16697.2,16745.25,16573.15,16711.05,50821530,1699.95
11-Dec-2015,16751.35,16758.7,16260.1,16342.5,79358482,2386.65
14-Dec-2015,16212.4,16440.85,16205.8,16350.65,60757601,1861.6
15-Dec-2015,16342.35,16425.15,16188.05,16398.65,56408351,1714.81
16-Dec-2015,16464.5,16640.4,16363.9,16579.4,67659792,1985.14
17-Dec-2015,16704.05,16771.8,16544.65,16741.5,72117905,2081.73
18-Dec-2015,16719.45,16737.7,16572.75,16594.3,68363392,2030.29
21-Dec-2015,16593.4,16848.6,16580.65,16825.15,43038799,1256.07
22-Dec-2015,16810.7,16946.1,16704.15,16749.2,55650655,1569.96
23-Dec-2015,16828.35,16913.15,16812.5,16882.5,37200425,1077.83
24-Dec-2015,16926.95,16939.6,16756.9,16811.0,27091752,807.26
28-Dec-2015,16843.4,17019.0,16843.4,16979.15,41135712,1365.1
29-Dec-2015,16988.3,17045.55,16921.15,16991.45,36299594,1153.71
30-Dec-2015,16997.5,17011.3,16889.05,16917.9,40935766,1101.5
31-Dec-2015,16916.05,16972.25,16896.65,16922.2,59187548,1742.66
01-Jan-2016,16932.5,17067.45,16824.05,17039.25,29215687,842.48
04-Jan-2016,16966.35,16966.35,16575.45,16599.15,52324127,1541.5
05-Jan-2016,16652.05,16670.2,16474.85,16542.5,53646729,1398.28
06-Jan-2016,16505.45,16614.95,16377.65,16433.15,55221322,1497.85
07-Jan-2016,16256.55,16256.55,16049.75,16073.85,76230933,2123.7
08-Jan-2016,16135.4,16229.0,16104.1,16142.65,53483569,1559.14
11-Jan-2016,15979.05,16156.8,15840.6,16016.25,67298931,1807.79
12-Jan-2016,16080.4,16080.4,15699.4,15734.8,98499719,2317.63
13-Jan-2016,15835.05,15956.25,15532.25,15871.85,113380181,2788.44
14-Jan-2016,15612.1,15803.2,15453.4,15609.8,81791556,2078.88
15-Jan-2016,15621.85,15650.7,15154.35,15206.3,98894244,2370.35
18-Jan-2016,15165.2,15270.4,14956.95,15020.8,121191177,2858.69
19-Jan-2016,15086.75,15338.2,15086.75,15269.65,85097353,2244.94
20-Jan-2016,15059.5,15533.45,14754.65,14935.5,92651950,2387.1
21-Jan-2016,15132.2,15364.6,14918.15,15101.2,109781594,2868.71
22-Jan-2016,15343.15,15575.65,15274.9,15497.55,87614131,2171.13
25-Jan-2016,15667.0,15682.65,15495.1,15561.15,66198778,1818.37
27-Jan-2016,15648.4,15673.95,15442.2,15534.6,68640342,1620.28
28-Jan-2016,15569.55,15572.2,15349.75,15381.45,85676389,2253.06
29-Jan-2016,15140.15,15554.9,15136.85,15522.4,137127980,3961.51
01-Feb-2016,15547.75,15565.5,15281.35,15314.45,101914265,2931.57
02-Feb-2016,15353.6,15463.45,15018.85,15068.0,117353243,2840.84
03-Feb-2016,14897.4,14947.8,14777.75,14834.05,84639389,2169.51
04-Feb-2016,14969.2,14978.35,14761.4,14869.15,91114395,2315.65
05-Feb-2016,14928.25,15211.9,14890.9,15162.05,97272505,2486.58
08-Feb-2016,15206.3,15367.9,14960.1,15046.8,89200251,2170.65
09-Feb-2016,14830.4,14964.9,14760.8,14875.1,104650249,2188.07
10-Feb-2016,14740.2,14779.15,14490.2,14588.45,125483478,2671.87
11-Feb-2016,14518.65,14530.8,13969.85,14028.55,177103186,3557.95
12-Feb-2016,14088.6,14154.55,13810.6,13971.5,159082790,3869.88
15-Feb-2016,14120.9,14548.15,14120.5,14445.0,173684225,3623.0
16-Feb-2016,14602.25,14602.25,14136.8,14166.45,122479893,2661.57
17-Feb-2016,14165.25,14186.1,13892.1,14119.85,132908648,2737.11
18-Feb-2016,14301.75,14385.65,14180.9,14298.15,108987470,2402.51
19-Feb-2016,14243.45,14395.85,14207.35,14344.2,99325491,2016.18
22-Feb-2016,14331.2,14467.15,14322.65,14384.8,68267346,1536.4
23-Feb-2016,14373.3,14373.3,13961.75,14008.35,81430644,1965.76
24-Feb-2016,13873.7,13974.5,13760.25,13794.05,92126868,2031.46
25-Feb-2016,13844.45,13844.45,13519.9,13555.7,107787803,2375.44
26-Feb-2016,13715.1,13889.25,13595.2,13791.45,102344200,2155.84
29-Feb-2016,13818.9,14222.3,13407.25,13946.4,262463001,6538.28
01-Mar-2016,14064.8,14445.7,14064.8,14412.9,99318596,2340.78
02-Mar-2016,14770.35,15138.7,14767.3,15092.45,176235867,3966.29
03-Mar-2016,15150.05,15206.25,15000.05,15177.75,106177314,2659.42
04-Mar-2016,15243.75,15451.75,15005.5,15339.2,131358681,2755.33
08-Mar-2016,15323.45,15326.65,15066.5,15146.5,93409280,2172.12
09-Mar-2016,15022.35,15331.25,14989.4,15279.05,103166377,2532.39
10-Mar-2016,15347.45,15354.15,15098.5,15180.65,71231660,1842.52
11-Mar-2016,15133.75,15343.55,15024.8,15168.2,76974856,2153.88
14-Mar-2016,15309.05,15416.15,15220.15,15277.8,62568481,1651.96
15-Mar-2016,15310.45,15386.85,15268.1,15326.8,75740344,2008.44
16-Mar-2016,15304.35,15489.5,15178.3,15461.7,80437373,2070.96
17-Mar-2016,15622.3,15704.75,15312.5,15444.0,103772808,2858.64
18-Mar-2016,15485.8,15678.55,15456.2,15654.85,71783060,1896.0
21-Mar-2016,15735.55,15945.8,15735.55,15926.1,73595488,1979.57
22-Mar-2016,15930.45,15967.85,15779.15,15936.0,58606010,1669.75
23-Mar-2016,15884.25,15919.6,15799.95,15887.75,64078807,1982.19
28-Mar-2016,15867.75,15890.7,15522.2,15604.9,83527683,2658.69
29-Mar-2016,15583.1,15774.1,15580.8,15666.25,69537187,1823.03
30-Mar-2016,15829.6,16167.5,15762.2,16134.85,93824682,2461.58
31-Mar-2016,16134.4,16282.75,16062.05,16141.65,161944757,4080.61
01-Apr-2016,16099.65,16235.8,16020.6,16174.9,90417981,2174.55
04-Apr-2016,16236.9,16278.5,16046.5,16190.6,72458835,1912.58
05-Apr-2016,16127.45,16147.15,15659.75,15695.0,125878076,3117.87
06-Apr-2016,15750.15,15768.55,15578.55,15636.95,71126678,1853.86
07-Apr-2016,15668.95,15726.6,15458.05,15530.75,70929338,1645.12
08-Apr-2016,15519.3,15642.7,15483.05,15568.35,53833509,1396.16
11-Apr-2016,15623.35,15853.85,15440.25,15818.5,72003720,1773.01
12-Apr-2016,15809.1,15958.8,15794.15,15880.2,66751340,1648.47
13-Apr-2016,16087.95,16349.7,16080.55,16278.55,84613287,2362.26
18-Apr-2016,16328.7,16330.55,16011.9,16222.7,63260117,1846.69
20-Apr-2016,16299.5,16386.35,16160.55,16349.7,85634855,2166.91
21-Apr-2016,16526.55,16769.55,16526.55,16637.15,149128885,3646.44
22-Apr-2016,16641.05,16755.85,16549.1,16703.4,117886991,2835.84
25-Apr-2016,16746.95,16767.9,16605.0,16678.65,80059352,2003.6
26-Apr-2016,16647.75,17029.85,16572.0,17002.55,104748280,3051.26
27-Apr-2016,16869.35,16995.0,16827.35,16872.95,127303882,4530.95
28-Apr-2016,16885.8,17023.35,16692.7,16716.9,136491989,4343.04
29-Apr-2016,16712.95,16841.3,16527.55,16795.0,138730300,3571.79
02-May-2016,16614.0,16674.15,16519.55,16543.0,101321996,2491.46
03-May-2016,16570.75,16719.4,16358.4,16388.7,90747922,2221.84
04-May-2016,16320.1,16465.6,16250.5,16274.25,114513664,2742.03
05-May-2016,16292.4,16398.25,16193.7,16281.0,90435449,2488.23
06-May-2016,16264.45,16346.25,16186.25,16296.6,74991308,1712.86
09-May-2016,16357.0,16712.9,16357.0,16686.1,75762620,2373.13
10-May-2016,16710.05,16812.2,16613.9,16784.95,82060322,2263.64
11-May-2016,16544.25,16861.95,16518.75,16754.45,110386461,3461.5
12-May-2016,16881.25,16962.0,16779.5,16923.7,86110726,2480.92
13-May-2016,16891.7,16891.7,16594.55,16716.9,89058321,2155.87
16-May-2016,16744.15,16780.05,16431.65,16737.55,126894276,2890.41
17-May-2016,16818.4,16903.35,16738.7,16762.75,99004259,2789.41
18-May-2016,16671.7,16759.05,16556.6,16728.95,130870012,2430.36
19-May-2016,16725.45,16726.15,16535.75,16565.25,87516244,1995.4
20-May-2016,16600.8,16623.2,16455.4,16481.45,73956019,1584.93
23-May-2016,16560.15,16604.15,16368.0,16407.55,69309872,1618.48
24-May-2016,16422.35,16501.05,16368.6,16456.65,60212588,1531.44
25-May-2016,16600.65,17025.85,16599.05,16997.45,86513208,2190.92
26-May-2016,17037.6,17424.05,16971.35,17359.3,134389985,3368.29
27-May-2016,17348.35,17543.3,17327.65,17511.8,163233119,3840.31
30-May-2016,17580.85,17666.05,17484.8,17520.65,96747582,2371.69
31-May-2016,17615.1,17648.25,17462.2,17620.9,115964022,3491.6
01-Jun-2016,17670.85,17670.85,17392.85,17423.45,99164561,2547.94
02-Jun-2016,17405.15,17596.4,17350.45,17567.8,78335336,2242.66
03-Jun-2016,17657.2,17762.05,17649.05,17680.8,89366456,2670.52
06-Jun-2016,17710.45,17754.15,17636.9,17671.4,81251372,2190.33
07-Jun-2016,17796.55,18000.95,17713.35,17948.15,167578972,4195.31
08-Jun-2016,17976.25,17995.8,17855.2,17946.8,123360967,2819.24
09-Jun-2016,17955.8,17986.15,17801.55,17887.7,107528433,2437.91
10-Jun-2016,17830.2,18051.5,17815.25,17828.6,94174779,2392.43
13-Jun-2016,17620.55,17666.55,17527.55,17593.95,72871679,1967.88
14-Jun-2016,17698.95,17719.85,17575.95,17672.4,94796689,2072.72
15-Jun-2016,17746.05,17943.65,17659.6,17917.9,119252898,2716.96
16-Jun-2016,17827.6,17827.6,17545.8,17671.3,132625249,2917.89
17-Jun-2016,17772.3,17843.15,17590.75,17696.05,91953442,2295.07
20-Jun-2016,17425.8,17779.0,17425.8,17718.6,110665302,2595.04
21-Jun-2016,17761.65,17763.3,17585.65,17619.1,73724929,1760.53
22-Jun-2016,17610.1,17755.25,17518.15,17626.05,68941887,1925.78
23-Jun-2016,17630.8,17907.5,17611.0,17892.45,71430195,2007.67
24-Jun-2016,17213.85,17459.2,16946.35,17426.05,164607648,4115.86
27-Jun-2016,17346.3,17611.2,17346.3,17514.95,89947886,2173.17
28-Jun-2016,17497.0,17626.7,17481.5,17561.55,73838256,1865.7
29-Jun-2016,17643.65,17728.95,17580.5,17689.9,60629596,1743.27
30-Jun-2016,17825.3,17975.05,17795.9,17935.4,118532313,3306.28
01-Jul-2016,18019.7,18074.95,17955.3,17985.65,69395415,1897.16
04-Jul-2016,18091.75,18146.35,18054.8,18097.65,88028823,2066.45
05-Jul-2016,18122.4,18124.1,17989.6,18004.25,71760436,1729.8
07-Jul-2016,18036.3,18146.55,17997.1,18084.9,66110768,1744.02
08-Jul-2016,18078.05,18079.2,17910.9,18016.25,71384178,1771.8
11-Jul-2016,18268.15,18409.45,18243.3,18390.95,95542728,2683.54
12-Jul-2016,18527.85,18684.45,18464.15,18667.6,119959659,3000.57
13-Jul-2016,18704.9,18711.6,18546.25,18618.95,91794140,2656.4
14-Jul-2016,18633.5,18880.9,18580.2,18863.75,119591064,2708.83
15-Jul-2016,18887.9,19016.1,18772.45,18953.65,98893700,2567.28
18-Jul-2016,18998.3,19158.0,18885.0,18923.4,89841318,2242.05
19-Jul-2016,18970.15,19030.05,18833.6,18905.15,119764169,2842.96
20-Jul-2016,18896.8,19016.25,18886.3,18968.2,76186713,2036.75
21-Jul-2016,18967.4,19000.3,18644.55,18674.3,82995275,2476.38
22-Jul-2016,18697.8,18735.4,18551.3,18690.4,98151354,2250.3
25-Jul-2016,18594.95,19035.35,18572.1,18989.6,134300249,3500.74
26-Jul-2016,18979.1,19044.45,18814.25,18860.85,108819760,3022.24
27-Jul-2016,18908.45,19125.0,18882.4,19021.95,102758926,3614.03
28-Jul-2016,19050.4,19126.75,18998.8,19076.55,150822269,3940.03
29-Jul-2016,19047.05,19070.15,18912.6,18953.15,84588124,2266.22
01-Aug-2016,18896.5,19078.5,18634.4,18740.6,107461841,2913.59
02-Aug-2016,18783.6,18866.55,18671.85,18708.25,93802673,2360.14
03-Aug-2016,18680.95,18775.4,18542.6,18602.0,79648244,2267.01
04-Aug-2016,18724.9,18724.9,18443.65,18571.7,99891602,2543.99
05-Aug-2016,18725.2,18943.15,18708.25,18925.95,86194390,2482.89
08-Aug-2016,18986.75,19028.7,18896.0,18939.45,62653821,1923.87
09-Aug-2016,18968.65,19008.15,18838.6,18933.3,80282306,2266.83
10-Aug-2016,18966.85,18985.25,18611.25,18647.8,77578944,2171.83
11-Aug-2016,18621.0,18699.2,18537.1,18640.4,101074835,2523.82
12-Aug-2016,18698.3,18986.8,18695.5,18963.7,198837215,4945.54
16-Aug-2016,19029.1,19062.2,18839.4,19002.15,94800297,2853.88
17-Aug-2016,19044.55,19138.35,18966.35,19041.25,81061925,2349.65
18-Aug-2016,19087.2,19367.45,19083.0,19352.8,81431396,2692.4
19-Aug-2016,19419.0,19457.4,19327.2,19414.7,110378474,3000.38
22-Aug-2016,19432.6,19493.2,19252.75,19330.25,72766030,2260.39
23-Aug-2016,19311.9,19372.65,19246.9,19341.65,75741851,2165.09
24-Aug-2016,19358.7,19392.2,19284.35,19355.6,59389952,1807.5
25-Aug-2016,19383.7,19432.75,19282.8,19304.25,91833496,3319.88
26-Aug-2016,19336.45,19358.0,19133.9,19195.75,62935384,1988.03
29-Aug-2016,19174.45,19247.85,19096.7,19217.0,56151054,2097.48
30-Aug-2016,19306.5,19546.35,19306.5,19531.55,78066462,2862.35
31-Aug-2016,19595.9,19823.4,19595.9,19787.6,227835482,12621.85
01-Sep-2016,19805.8,19928.2,19738.3,19788.85,73412522,2347.06
02-Sep-2016,19830.35,19911.25,19787.6,19883.2,55246832,1827.3
06-Sep-2016,19990.95,20459.45,19990.95,20426.2,102450560,3418.91
07-Sep-2016,20505.8,20575.8,20376.75,20406.9,182174112,5025.38
08-Sep-2016,20439.2,20477.4,20335.2,20417.25,84146556,3133.96
09-Sep-2016,20274.75,20349.7,20139.15,20245.3,99503901,4359.51
12-Sep-2016,19861.45,19861.45,19735.55,19790.6,97967394,3482.14
14-Sep-2016,19757.05,19953.15,19732.15,19909.15,87058786,3004.68
15-Sep-2016,19927.6,19955.4,19730.25,19837.55,68388707,2351.11
16-Sep-2016,19935.85,20227.2,19783.6,19855.45,139007912,5335.43
19-Sep-2016,19892.2,20014.4,19849.65,19906.85,64684600,2681.69
20-Sep-2016,19957.35,19964.3,19797.5,19852.3,55715315,2056.31
21-Sep-2016,19902.7,19937.85,19749.95,19828.45,62251845,2199.53
22-Sep-2016,20153.1,20264.8,19996.9,20109.6,102577164,3200.62
23-Sep-2016,20136.75,20137.55,19861.45,19901.8,96847196,3780.62
26-Sep-2016,19792.2,19794.15,19568.35,19591.75,73982979,2552.57
27-Sep-2016,19652.95,19696.45,19479.15,19518.7,65845836,2254.69
28-Sep-2016,19542.0,19700.0,19509.65,19653.55,117247682,3074.09
29-Sep-2016,19762.3,19793.2,19059.05,19183.65,239435196,9980.19
30-Sep-2016,19116.0,19330.85,19085.2,19285.7,84247936,2589.5
03-Oct-2016,19395.55,19611.25,19363.95,19589.05,66410113,2033.38
04-Oct-2016,19641.75,19747.45,19527.35,19672.7,113388061,2928.8
05-Oct-2016,19801.3,19816.5,19492.8,19536.85,91727046,2529.11
06-Oct-2016,19518.55,19570.7,19325.8,19395.05,74619781,2686.28
07-Oct-2016,19398.05,19456.0,19318.0,19400.1,62681646,1878.7
10-Oct-2016,19489.5,19501.45,19351.35,19378.55,40907508,1288.05
13-Oct-2016,19295.55,19295.55,18824.4,18954.25,95148972,2977.66
14-Oct-2016,19016.7,19053.5,18926.15,19020.15,61797883,1807.64
17-Oct-2016,19136.3,19241.75,19002.45,19070.4,123597409,3474.26
18-Oct-2016,19174.7,19511.8,19162.85,19495.05,104276455,3331.64
19-Oct-2016,19570.05,19576.3,19322.75,19412.1,65347496,2227.07
20-Oct-2016,19493.9,19722.85,19479.25,19658.7,97604833,3274.33
21-Oct-2016,19636.4,19744.0,19516.4,19710.9,69230448,2310.21
24-Oct-2016,19763.85,19897.85,19751.65,19807.9,77828035,2375.85
25-Oct-2016,19907.7,19922.7,19711.95,19834.9,90588204,2477.21
26-Oct-2016,19581.7,19725.9,19434.5,19483.6,143827550,4605.88
27-Oct-2016,19452.0,19544.2,19252.1,19514.6,87647894,3276.15
28-Oct-2016,19507.85,19589.7,19362.0,19555.95,68877003,2262.36
30-Oct-2016,19657.8,19666.8,19484.65,19523.55,8938951,267.09
01-Nov-2016,19578.6,19591.65,19417.3,19458.6,61792854,1992.47
02-Nov-2016,19223.5,19296.55,19158.75,19227.9,74364554,2542.39
03-Nov-2016,19201.95,19319.65,19119.3,19178.7,65915418,1907.41
04-Nov-2016,19223.85,19223.9,18961.15,19058.1,76173129,2300.58
07-Nov-2016,19317.85,19378.0,19233.0,19356.0,77290268,2148.35
08-Nov-2016,19490.75,19549.45,19322.15,19500.8,83951456,2433.93
09-Nov-2016,18270.9,19587.8,18143.7,19518.25,169946993,5102.23
10-Nov-2016,19827.5,20283.15,19787.45,20200.25,212502782,5707.96
11-Nov-2016,20033.85,20309.65,19704.35,19738.8,197925973,5329.2
15-Nov-2016,19808.35,19861.75,19240.45,19289.75,208769377,6018.37
16-Nov-2016,19591.25,19611.9,19088.4,19108.1,134590517,4172.68
17-Nov-2016,19115.9,19328.75,19009.85,19087.85,106724890,3044.75
18-Nov-2016,19180.3,19216.35,18897.1,18959.05,79393592,2272.08
21-Nov-2016,19063.8,19075.95,18351.25,18446.4,135622966,3456.39
22-Nov-2016,18626.7,18650.5,18322.7,18548.65,119912505,3357.39
23-Nov-2016,18660.55,18669.05,18449.7,18540.9,73799835,2142.47
24-Nov-2016,18476.0,18476.35,18215.8,18256.1,120482500,3662.56
25-Nov-2016,18377.55,18546.35,18266.6,18507.3,81089308,2347.44
28-Nov-2016,18237.2,18471.65,18187.4,18301.45,106884555,3041.05
29-Nov-2016,18308.8,18427.4,18188.7,18223.75,81509358,2454.4
30-Nov-2016,18306.1,18667.85,18262.5,18627.8,89135261,2853.13
01-Dec-2016,18676.75,18713.1,18389.65,18428.45,62882921,1980.14
02-Dec-2016,18329.4,18490.5,18163.8,18247.65,84312899,2455.65
05-Dec-2016,18245.0,18434.25,18189.5,18408.9,45765934,1417.16
06-Dec-2016,18459.7,18499.75,18365.95,18420.9,55031739,1519.75
07-Dec-2016,18515.5,18588.75,17952.6,18234.15,100890980,2738.11
08-Dec-2016,18342.6,18558.75,18336.95,18515.45,55661159,1715.5
09-Dec-2016,18567.95,18739.65,18432.3,18695.8,75645795,2199.26
12-Dec-2016,18616.05,18616.05,18364.05,18392.95,53579188,1551.39
13-Dec-2016,18354.1,18492.85,18291.35,18466.05,54727502,1660.6
14-Dec-2016,18480.35,18485.45,18322.9,18341.5,56292640,1882.96
15-Dec-2016,18143.5,18532.0,18122.1,18401.15,82787720,2794.29
16-Dec-2016,18417.9,18428.45,18268.3,18312.8,81868151,3056.57
19-Dec-2016,18258.1,18316.8,18215.5,18257.05,37244360,1174.33
20-Dec-2016,18264.1,18274.9,18009.8,18069.4,53850831,1649.45
21-Dec-2016,18124.6,18167.15,18043.95,18084.5,45881955,1491.46
22-Dec-2016,18027.0,18029.6,17839.75,17891.45,50280389,1521.6
23-Dec-2016,17849.25,17962.3,17819.75,17884.0,53610316,1594.4
26-Dec-2016,17825.5,17860.85,17606.9,17655.55,45887571,1309.95
27-Dec-2016,17677.7,17907.35,17616.1,17879.55,50265645,1457.14
28-Dec-2016,17929.2,18059.65,17829.15,17876.7,57498370,1692.18
29-Dec-2016,17861.45,18053.3,17829.4,18033.15,83313390,2141.23
30-Dec-2016,18026.35,18245.75,18016.8,18177.2,54349583,1546.86
02-Jan-2017,18242.3,18249.0,17844.9,17969.6,       74444730,         1857.24
03-Jan-2017,18002.75,18115.05,17830.95,18035.6,       64513818,         1769.30
04-Jan-2017,18037.45,18092.85,17868.9,17891.0,       50508161,         1615.85
05-Jan-2017,18000.75,18164.05,17977.8,18115.95,       68874940,         2271.18
06-Jan-2017,18168.45,18325.5,18157.3,18264.0,       65919927,         2174.59
09-Jan-2017,18314.25,18373.1,18256.15,18286.65,       42677260,         1404.38
10-Jan-2017,18351.45,18441.15,18275.75,18409.6,       59993426,         2012.18
11-Jan-2017,18535.35,18889.45,18515.25,18830.0,      102842482,         3493.47
12-Jan-2017,18885.45,18966.3,18805.85,18873.95,       66286062,         1982.54
13-Jan-2017,18949.7,18952.25,18781.25,18912.1,       55762182,         1855.30
16-Jan-2017,18899.7,19134.5,18865.25,19096.45,       59319825,         1740.77
17-Jan-2017,19128.15,19202.25,18981.85,19067.05,       63686033,         1862.62
18-Jan-2017,19074.85,19276.5,19072.1,19164.5,       56898977,         1871.38
19-Jan-2017,19165.35,19185.3,19046.1,19124.25,       83679399,         2409.78
20-Jan-2017,18996.6,19071.65,18793.05,18820.8,      110140976,         3855.90
23-Jan-2017,18762.0,18909.65,18722.85,18842.7,       97144867,         3232.45
24-Jan-2017,18931.0,19054.3,18906.95,19023.5,       81717037,         3118.62
25-Jan-2017,19120.05,19518.45,19114.15,19473.2,      131028002,         4672.67
27-Jan-2017,19588.4,19794.95,19534.9,19708.3,      157251635,         4654.79
30-Jan-2017,19718.8,19767.05,19561.1,19585.25,       71178678,         2113.37
31-Jan-2017,19533.2,19624.1,19435.45,19515.15,       67343878,         2331.66
01-Feb-2017,19522.4,20047.85,19470.95,20020.6,      145906975,         4549.85
02-Feb-2017,20053.95,20146.9,19915.2,20070.3,      116963782,         3279.64
03-Feb-2017,20061.9,20229.65,20009.95,20196.8,      113714035,         3092.66
06-Feb-2017,20307.15,20462.45,20298.05,20371.6,       99281709,         2853.85
07-Feb-2017,20367.3,20426.95,20281.5,20327.25,      109432014,         2835.60
08-Feb-2017,20335.25,20362.8,20070.15,20245.4,       85902788,         2626.17
09-Feb-2017,20312.65,20406.6,20000.35,20151.15,      107559620,         2763.25
10-Feb-2017,20225.75,20310.0,20167.1,20213.9,      117595817,         3354.08
13-Feb-2017,20273.65,20308.7,20116.9,20251.8,      108967330,         3171.01
14-Feb-2017,20304.5,20314.05,20158.85,20258.1,       69832338,         2184.70
15-Feb-2017,20282.1,20368.2,20115.85,20163.7,       74195087,         2264.21
16-Feb-2017,20243.25,20295.55,20088.2,20243.7,       81485552,         2495.90
17-Feb-2017,20918.45,21042.35,20449.65,20551.35,      197061810,        17389.12
20-Feb-2017,20494.85,20702.6,20472.4,20677.1,       66182208,         1900.02
21-Feb-2017,20695.9,20903.35,20619.25,20860.95,       74587721,         2472.87
22-Feb-2017,20937.6,20958.25,20829.65,20868.45,       92261695,         3234.58
23-Feb-2017,20887.65,21011.9,20828.4,20876.65,       95406666,         4117.00
27-Feb-2017,20853.45,20853.45,20584.75,20613.05,       60499704,         2147.48
28-Feb-2017,20632.85,20681.3,20560.6,20607.25,       76658515,         1994.39
01-Mar-2017,20698.9,20833.75,20678.75,20783.75,       75542256,         2221.57
02-Mar-2017,20885.0,20905.0,20516.9,20560.05,       81044163,         2531.48
03-Mar-2017,20572.85,20580.45,20423.35,20495.6,       53179917,         1530.14
06-Mar-2017,20548.95,20727.5,20532.2,20663.65,       56093806,         1770.09
07-Mar-2017,20685.95,20701.25,20585.95,20627.5,       47804156,         1672.58
08-Mar-2017,20630.15,20715.2,20534.25,20676.55,       63112788,         2417.86
09-Mar-2017,20620.55,20780.25,20603.9,20721.35,       59782379,         2026.91
10-Mar-2017,20825.9,20876.95,20648.8,20727.55,       53537238,         1964.77
14-Mar-2017,21189.85,21274.45,21059.7,21102.7,       98698328,         3498.01
15-Mar-2017,21089.4,21216.9,21063.95,21157.9,       75243419,         2391.61
16-Mar-2017,21237.5,21289.8,21194.25,21249.9,       73921069,         2310.19
17-Mar-2017,21308.45,21336.05,21127.95,21175.05,       92308641,         3726.23
20-Mar-2017,21202.55,21202.55,21084.8,21110.25,       50376495,         1837.69
21-Mar-2017,21110.65,21146.5,20967.0,21019.0,       72936344,         2481.96
22-Mar-2017,20815.35,20899.0,20753.9,20781.35,       83727177,         3342.31
23-Mar-2017,20848.75,20934.75,20775.35,20895.5,       60387250,         2370.82
24-Mar-2017,20987.6,21174.1,20929.15,21122.55,      124797100,         3469.38
27-Mar-2017,21178.1,21179.2,20979.55,21056.9,       97615919,         2724.96
28-Mar-2017,21229.0,21264.95,21145.0,21225.4,       95258847,         3085.11
29-Mar-2017,21291.45,21418.6,21255.75,21391.15,      119195883,         3822.73
30-Mar-2017,21374.35,21696.0,21331.9,21620.7,      111132480,         4310.10
31-Mar-2017,21551.85,21574.15,21414.0,21444.15,      103206746,         3006.08
03-Apr-2017,21539.2,21565.45,21408.6,21547.75,       61067763,         1906.61
05-Apr-2017,21602.2,21699.3,21499.75,21652.7,       84599454,         2687.88
06-Apr-2017,21572.7,21674.0,21488.9,21622.95,       93689427,         3046.09
07-Apr-2017,21536.5,21616.85,21397.0,21431.15,       96285404,         2249.17
10-Apr-2017,21492.05,21552.1,21396.05,21520.15,       57491405,         1899.75
11-Apr-2017,21521.45,21753.35,21483.55,21736.15,       89433764,         2573.00
12-Apr-2017,21735.65,21787.1,21551.75,21666.8,       78966353,         2262.20
13-Apr-2017,21651.25,21758.85,21627.0,21686.6,       71469667,         2103.68
17-Apr-2017,21700.5,21743.3,21576.75,21647.6,       49031440,         1613.70
18-Apr-2017,21706.05,21947.0,21634.15,21671.85,       85174794,         2519.03
19-Apr-2017,21674.1,21706.3,21470.2,21556.35,       81449296,         2982.23
20-Apr-2017,21419.45,21558.85,21396.0,21491.4,      100132829,         4072.58
21-Apr-2017,21567.5,21614.55,21386.2,21551.45,       77253527,         3180.14
24-Apr-2017,21591.9,21884.85,21578.65,21857.4,       84637572,         3426.83
25-Apr-2017,21960.65,22093.25,21900.3,22054.7,       88819491,         2951.25
26-Apr-2017,22158.65,22276.05,21814.9,22242.85,      133893025,         3440.25
27-Apr-2017,22274.05,22380.85,22169.8,22326.3,      166567366,         5121.57
28-Apr-2017,22296.8,22383.0,22182.55,22358.25,      167782299,         3435.87
02-May-2017,22412.55,22492.15,22266.15,22341.35,      140738147,         3271.81
03-May-2017,22445.85,22449.0,22240.05,22307.3,      130697797,         2999.79
04-May-2017,22618.3,22743.7,22449.9,22720.1,      226413641,         6577.31
05-May-2017,22844.85,22853.55,22514.0,22604.95,      255187439,         6371.44
08-May-2017,22678.45,22835.15,22632.5,22767.35,      106479323,         3170.57
09-May-2017,22820.8,22835.35,22664.35,22707.3,       81028829,         2350.68
10-May-2017,22767.75,22859.4,22742.05,22830.35,       73498955,         2353.34
11-May-2017,22916.05,22977.85,22764.65,22818.45,       78856978,         2557.60
12-May-2017,22840.4,22859.15,22578.0,22671.7,       96397424,         4278.32
15-May-2017,22735.85,22891.7,22730.35,22821.5,       74700041,         3207.83
16-May-2017,22857.6,22944.1,22727.65,22928.6,      134784390,         3836.41
17-May-2017,22972.35,22978.15,22830.1,22935.95,       96263996,         3028.04
18-May-2017,22750.45,22834.55,22660.2,22698.6,      113423012,         4013.89
19-May-2017,22761.95,22902.25,22628.45,22769.8,      154944222,         4945.90
22-May-2017,22874.8,22918.35,22637.75,22652.85,       99779442,         3093.31
23-May-2017,22674.9,22740.4,22492.2,22582.8,      114212196,         3364.36
24-May-2017,22624.5,22673.4,22469.8,22536.3,       91993332,         2841.15
25-May-2017,22573.65,23267.8,22570.35,23190.8,      132711087,         4830.60
26-May-2017,23151.4,23408.35,23092.35,23362.2,       78876968,         2631.64
29-May-2017,23310.6,23464.0,23141.15,23182.75,       60052384,         2070.83
30-May-2017,23142.1,23337.15,23093.95,23307.25,       66704876,         2050.67
31-May-2017,23321.2,23469.45,23248.5,23424.8,      182918715,         5866.26
01-Jun-2017,23394.1,23396.15,23224.05,23310.15,       81509629,         2488.50
02-Jun-2017,23435.2,23453.3,23308.4,23375.9,       67217648,         2138.90
05-Jun-2017,23397.4,23494.7,23349.95,23459.65,       52203667,         1832.18
06-Jun-2017,23523.05,23536.1,23381.7,23416.3,       54088336,         1892.27
07-Jun-2017,23482.85,23606.15,23427.55,23567.65,       56452419,         1793.66
08-Jun-2017,23630.35,23659.1,23514.2,23536.1,       64825589,         2301.45
09-Jun-2017,23483.95,23708.65,23476.85,23690.9,       58400790,         1946.72
12-Jun-2017,23610.15,23630.1,23441.8,23470.45,       56374007,         1752.71
13-Jun-2017,23447.0,23615.2,23446.9,23477.85,       47770607,         1568.75
14-Jun-2017,23555.3,23562.8,23399.4,23498.7,       81088281,         2706.06
15-Jun-2017,23444.7,23473.3,23311.85,23391.75,       72763994,         2150.20
16-Jun-2017,23448.6,23527.65,23391.0,23502.75,      102155200,         3301.93
19-Jun-2017,23571.35,23806.65,23535.7,23742.15,       60483537,         2207.29
20-Jun-2017,23720.6,23760.35,23651.2,23697.95,       71814671,         2145.64
21-Jun-2017,23638.15,23760.75,23610.2,23708.75,       62327766,         1879.19
22-Jun-2017,23716.85,23897.85,23694.15,23736.1,       79042264,         2671.82
23-Jun-2017,23772.3,23786.5,23507.5,23542.75,       74946434,         2296.54
27-Jun-2017,23636.95,23640.1,23055.75,23216.25,      101336046,         3170.71
28-Jun-2017,23209.55,23322.55,23113.65,23235.85,       95524464,         3008.65
29-Jun-2017,23312.4,23476.0,23124.35,23227.3,      146858174,         4341.23
30-Jun-2017,23137.25,23254.1,22996.4,23211.2,       70715291,         2326.93
03-Jul-2017,23240.35,23330.1,23144.3,23272.8,       51036105,         1729.62
04-Jul-2017,23325.5,23363.05,23163.7,23214.2,       55294067,         1740.14
05-Jul-2017,23241.9,23380.35,23205.55,23352.6,       89709252,         1863.29
06-Jul-2017,23399.5,23540.15,23369.5,23466.65,      130090775,         2524.90
07-Jul-2017,23463.75,23492.6,23400.6,23449.15,       88942526,         1922.97
10-Jul-2017,23583.25,23964.8,23289.9,23675.05,       36606673,          704.90
11-Jul-2017,23744.55,23744.55,23552.6,23584.6,       78963065,         2486.24
12-Jul-2017,23623.75,23736.55,23523.65,23695.45,       69663347,         2115.83
13-Jul-2017,23817.25,23938.0,23811.0,23888.65,       84983841,         3415.57
14-Jul-2017,23949.5,23963.65,23755.95,23937.7,       71052482,         2242.23
17-Jul-2017,24011.4,24066.1,23913.65,24015.05,       65783041,         1947.90
18-Jul-2017,23958.15,24147.45,23942.1,24022.05,       75082364,         2216.31
19-Jul-2017,24069.2,24180.75,24053.7,24152.65,       72823157,         2589.27
20-Jul-2017,24170.65,24299.6,24170.65,24213.35,       91515347,         3668.17
21-Jul-2017,24231.4,24289.3,24066.9,24257.05,       65322497,         1978.15
24-Jul-2017,24307.7,24460.55,24234.65,24420.85,       74481260,         3185.24
25-Jul-2017,24622.9,24624.65,24450.2,24520.7,       76545885,         2988.16
26-Jul-2017,24578.15,24720.9,24484.9,24670.7,      132701870,         4678.10
27-Jul-2017,24857.5,25032.25,24799.4,24922.4,      152249420,         6518.92
28-Jul-2017,24744.55,24859.75,24651.05,24811.3,      100038906,         4508.13
31-Jul-2017,24880.6,25168.1,24828.5,25103.65,      130095973,         4618.56
01-Aug-2017,25152.85,25179.5,25000.9,25122.8,       71831819,         2830.18
02-Aug-2017,25190.4,25198.8,24926.25,25055.2,       86354876,         2658.97
03-Aug-2017,25002.85,25005.15,24619.6,24675.05,       88206784,         2681.36
04-Aug-2017,24629.5,24879.7,24591.8,24827.45,       67776967,         2226.83
07-Aug-2017,24854.15,24979.35,24844.45,24906.35,       52223527,         1703.90
08-Aug-2017,24942.2,24966.05,24534.35,24599.5,       70792652,         2438.61
09-Aug-2017,24519.25,24532.4,24328.1,24374.6,       78290219,         2396.27
10-Aug-2017,24300.45,24326.9,23822.2,24217.35,       87718421,         2991.10
11-Aug-2017,23958.25,24191.2,23868.3,23985.75,      157833300,         4723.82
14-Aug-2017,24051.05,24212.15,24038.15,24115.75,       76330838,         2457.95
16-Aug-2017,24188.75,24461.2,23947.45,24437.7,       94859044,         3108.17
17-Aug-2017,24495.2,24496.2,24121.55,24237.25,       69545034,         2126.94
18-Aug-2017,24125.3,24130.15,23925.95,24074.45,       60046818,         1848.07
21-Aug-2017,24140.55,24258.95,23882.25,23936.5,       69872289,         2438.35
22-Aug-2017,24080.6,24127.45,23852.65,23974.45,       70219974,         2376.56
23-Aug-2017,24084.95,24350.0,24074.15,24316.8,       69104870,         2237.97
24-Aug-2017,24374.75,24411.05,24224.85,24274.2,       72359374,         2608.19
28-Aug-2017,24351.25,24422.45,24301.35,24377.1,       52177374,         1685.70
29-Aug-2017,24302.0,24320.95,24103.3,24128.95,       60922360,         1975.39
30-Aug-2017,24253.05,24384.1,24241.3,24308.7,       47423550,         1608.21
31-Aug-2017,24354.35,24354.35,24207.7,24318.4,       79848731,         2870.65
01-Sep-2017,24389.2,24494.35,24319.2,24434.0,       66906837,         1827.58
04-Sep-2017,24456.3,24459.35,24156.4,24236.85,       52531466,         1554.69
05-Sep-2017,24272.6,24388.05,24256.3,24328.3,       47757761,         1582.70
06-Sep-2017,24192.4,24331.3,24151.1,24279.15,       59006554,         1996.25
07-Sep-2017,24324.85,24413.1,24246.9,24304.9,       69696218,         2419.01
08-Sep-2017,24409.5,24419.25,24273.0,24370.8,       47085077,         1785.72
11-Sep-2017,24468.5,24735.35,24458.25,24672.25,       60804947,         2973.08
12-Sep-2017,24779.15,24821.35,24653.6,24784.7,       66927717,         2387.58
13-Sep-2017,24818.35,24948.8,24737.8,24831.8,       68334647,         2053.95
14-Sep-2017,24857.25,24994.3,24815.5,24912.25,       77726236,         2746.95
15-Sep-2017,24840.3,24916.85,24791.55,24844.3,      114568146,         3754.49
18-Sep-2017,24948.15,25105.35,24941.75,25046.9,       65913355,         2319.84
19-Sep-2017,25059.75,25103.45,24993.0,25041.55,       60118203,         1863.20
20-Sep-2017,24984.65,25052.6,24938.3,24965.05,       87376241,         2610.17
21-Sep-2017,24934.1,24992.5,24706.45,24799.25,       72279851,         2145.80
22-Sep-2017,24704.55,24709.7,24340.0,24368.85,       91287072,         2875.23
25-Sep-2017,24361.55,24363.8,24015.45,24165.05,       92662078,         3078.06
26-Sep-2017,24105.6,24236.95,24017.4,24199.15,       66244294,         2220.85
27-Sep-2017,24308.7,24331.85,23766.6,23812.95,       80405424,         2548.12
28-Sep-2017,23804.05,24074.2,23611.1,24008.15,      136679326,         5130.27
29-Sep-2017,24114.0,24227.45,24004.8,24053.0,       71703679,         2472.66
03-Oct-2017,24200.6,24226.8,24007.25,24103.4,       66828025,         2261.64
04-Oct-2017,24124.15,24230.45,24058.65,24113.3,       61740801,         2015.35
05-Oct-2017,24114.75,24188.3,24033.35,24058.05,       67125178,         2146.70
06-Oct-2017,24083.55,24242.05,24074.35,24190.0,       84205169,         2506.11
09-Oct-2017,24209.55,24311.1,24156.05,24251.9,       66557307,         1901.84
10-Oct-2017,24304.8,24379.75,24273.65,24347.45,       62757458,         1937.30
11-Oct-2017,24411.45,24460.25,24054.25,24107.45,       75494487,         2241.67
12-Oct-2017,24151.45,24393.4,23978.4,24361.25,       73274598,         2349.00
13-Oct-2017,24411.1,24779.75,24387.8,24689.15,       89300075,         2661.99
16-Oct-2017,24815.4,24878.65,24516.55,24703.05,      118314121,         3043.50
17-Oct-2017,24697.25,24809.15,24571.85,24645.6,-,-
18-Oct-2017,24354.75,24454.65,24270.05,24313.75,      161557992,         5266.25
19-Oct-2017,24238.4,24255.3,23923.7,24009.75,-,-
23-Oct-2017,24085.45,24151.0,23912.55,24088.9,       97553776,         3190.93
24-Oct-2017,24141.95,24293.25,24032.65,24222.15,      111802359,         3651.65
25-Oct-2017,24980.65,25157.8,24560.75,25035.9,      855272765,        24451.16
26-Oct-2017,24953.95,25186.05,24864.6,25022.2,      432393230,        13581.88
27-Oct-2017,24887.6,24995.7,24798.65,24839.55,      237949256,         7212.61
30-Oct-2017,24873.65,25064.85,24808.55,24988.55,      186719253,         5431.39
31-Oct-2017,25042.1,25078.65,24948.1,25019.35,      156985664,         5192.78
01-Nov-2017,25197.3,25549.35,25171.75,25490.45,      210657047,         5748.96
02-Nov-2017,25508.4,25598.75,25405.5,25427.3,      141562948,         3892.70
03-Nov-2017,25531.4,25695.5,25394.95,25650.7,      209613852,         5690.55
06-Nov-2017,25569.0,25694.6,25529.5,25571.15,      113274004,         3522.05
07-Nov-2017,25669.1,25695.75,25248.95,25300.8,      142004765,         4339.06
08-Nov-2017,25375.8,25435.6,25119.5,25184.35,      129898237,         4361.33
09-Nov-2017,25281.0,25385.2,25166.15,25291.35,      107367752,         3437.47
10-Nov-2017,25250.9,25598.55,25237.2,25498.95,      194999284,         6170.67
13-Nov-2017,25570.25,25611.55,25337.25,25358.3,      128569682,         4353.19
14-Nov-2017,25352.55,25404.8,25223.1,25284.6,      109491821,         3473.83
15-Nov-2017,25241.65,25318.05,25166.35,25218.9,      129989778,         3765.70
16-Nov-2017,25292.9,25496.05,25273.7,25446.6,      109711080,         3078.71
17-Nov-2017,25875.7,25924.9,25679.55,25728.4,      151001517,         4336.13
20-Nov-2017,25733.7,25803.15,25681.7,25768.6,       84963946,         2806.98
21-Nov-2017,25829.3,25871.1,25726.5,25757.5,       90303101,         2801.27
22-Nov-2017,25805.65,25831.95,25665.85,25766.65,      102044483,         3098.39
23-Nov-2017,25826.3,25838.55,25620.95,25736.25,       79020195,         2607.45
24-Nov-2017,25776.6,25849.0,25749.1,25779.65,       70107830,         2198.91
27-Nov-2017,25693.05,25931.85,25673.5,25891.95,       74084777,         2335.02
28-Nov-2017,25830.45,25953.5,25795.5,25846.4,       84399131,         2848.45
29-Nov-2017,25829.65,25877.75,25746.8,25795.7,       74982549,         2328.48
30-Nov-2017,25693.8,25700.85,25246.85,25332.4,      141631632,         4652.64
01-Dec-2017,25409.55,25441.35,25152.65,25191.95,       87545844,         2616.40
04-Dec-2017,25295.05,25297.2,24993.35,25075.1,       75646330,         2245.68
05-Dec-2017,25030.75,25217.7,24921.3,25124.85,       85698111,         2548.03
06-Dec-2017,25066.3,25077.45,24813.6,24851.8,       72791908,         2305.27
07-Dec-2017,24935.3,25097.4,24875.35,25057.25,       60226256,         1861.55
08-Dec-2017,25145.5,25367.7,25145.5,25321.15,       74109991,         2643.70
11-Dec-2017,25434.75,25448.85,25318.7,25404.85,       57217432,         1831.26
12-Dec-2017,25413.4,25416.2,25108.6,25125.45,       81540197,         2547.35
13-Dec-2017,25118.2,25270.75,24938.55,25000.35,       86127346,         2666.30
14-Dec-2017,25062.4,25205.9,24888.65,25168.2,       78224367,         2334.37
15-Dec-2017,25487.15,25559.05,25411.25,25440.3,      117591365,         4853.16
18-Dec-2017,25181.75,25759.9,24617.15,25594.55,      139126828,         4276.89
19-Dec-2017,25640.9,25757.95,25619.6,25716.2,       79480979,         2425.56
20-Dec-2017,25779.05,25780.05,25566.05,25591.7,      119152801,         3314.47
21-Dec-2017,25608.25,25629.95,25508.9,25554.3,       76744356,         2385.90
22-Dec-2017,25615.6,25694.5,25560.5,25648.55,       83031068,         2348.24
26-Dec-2017,25659.75,25712.95,25545.6,25675.25,       60209393,         2051.24
27-Dec-2017,25652.85,25733.2,25429.55,25496.05,       73081341,         2086.71
28-Dec-2017,25463.6,25561.95,25417.4,25490.0,      111429897,         3447.81
29-Dec-2017,25484.85,25566.4,25450.25,25539.45,       65580984,         2235.28
01-Jan-2018,25565.75,25588.0,25271.55,25318.1,       57576913,         2037.55
02-Jan-2018,25382.2,25425.5,25232.8,25338.25,       72033811,         2270.36
03-Jan-2018,25425.75,25454.9,25300.9,25318.6,       59730356,         1958.21
04-Jan-2018,25367.65,25490.35,25310.3,25462.6,      105995860,         2646.62
05-Jan-2018,25524.45,25643.35,25499.55,25601.85,      123622612,         3188.08
08-Jan-2018,25690.25,25771.5,25643.8,25676.1,      127527935,         2727.53
09-Jan-2018,25727.95,25803.8,25617.25,25703.8,      101820385,         2617.13
10-Jan-2018,25709.9,25717.6,25527.5,25617.3,       81094270,         2168.32
11-Jan-2018,25628.2,25694.65,25532.25,25660.9,      122695505,         2960.91
12-Jan-2018,25732.4,25775.15,25557.6,25749.05,      110836433,         2926.84
15-Jan-2018,25858.15,26091.8,25842.95,26069.2,      192163936,         4226.08
16-Jan-2018,26129.15,26136.4,25931.7,25974.9,      169867241,         3770.65
17-Jan-2018,25946.15,26335.85,25922.3,26289.1,      172092208,         4554.66
18-Jan-2018,26762.25,26887.65,26423.75,26537.4,      224021671,         7050.86
19-Jan-2018,26615.65,26957.85,26433.55,26909.5,      134390957,         4160.20
22-Jan-2018,26940.5,27074.9,26841.2,27041.2,      113869602,         4222.79
23-Jan-2018,27089.95,27422.05,27066.15,27390.6,      169332288,         5229.45
24-Jan-2018,27310.15,27479.25,27219.45,27398.55,      174331160,         4734.19
25-Jan-2018,27414.1,27522.85,27151.75,27445.65,      193342305,         6057.20
29-Jan-2018,27446.1,27652.05,27407.4,27498.45,      114099251,         3779.23
30-Jan-2018,27466.85,27470.25,27242.05,27269.05,      111009534,         3453.72
31-Jan-2018,27136.25,27455.75,27116.95,27379.45,      109507598,         3640.41
01-Feb-2018,27334.85,27613.5,27046.35,27220.7,      131188028,         4790.53
02-Feb-2018,27017.4,27017.55,26364.05,26451.15,      147521488,         4330.16
05-Feb-2018,25968.15,26215.1,25917.55,26098.75,      122729724,         3842.46
06-Feb-2018,25140.1,26140.6,25023.85,25811.3,      153713739,         4777.31
07-Feb-2018,26065.4,26078.4,25558.05,25670.0,      121038215,         3663.61
08-Feb-2018,25759.85,26126.4,25637.4,25920.65,       91011548,         2686.18
09-Feb-2018,25466.3,25598.3,25371.0,25463.65,       75985052,         2520.27
12-Feb-2018,25530.1,25757.85,25485.4,25701.6,      161180184,         4127.51
14-Feb-2018,25810.25,25810.25,25212.35,25341.25,      197286979,         4757.09
15-Feb-2018,25360.9,25615.15,25295.15,25424.35,      291475391,         6015.58
16-Feb-2018,25511.95,25601.0,25100.9,25163.9,      278142760,         5275.87
19-Feb-2018,25324.6,25326.05,24824.55,25058.55,      273464127,         5217.27
20-Feb-2018,25105.55,25158.1,24829.0,24874.4,      258222746,         4721.89
21-Feb-2018,24996.6,24999.7,24796.35,24936.7,      152405865,         3527.60
22-Feb-2018,24812.7,24987.05,24781.7,24955.2,      167442673,         4865.92
23-Feb-2018,25002.25,25345.15,24962.85,25302.5,      127862871,         2800.10
26-Feb-2018,25452.0,25722.15,25381.2,25687.9,      110903837,         2678.89
27-Feb-2018,25684.6,25723.55,25356.4,25383.6,      289806608,         4594.31
28-Feb-2018,25116.25,25192.95,24942.0,25107.4,      311474002,         5010.14
01-Mar-2018,25022.35,25226.05,24854.4,24902.55,      214529321,         4160.86
05-Mar-2018,24831.35,24873.05,24682.0,24818.7,      138679764,         3083.52
06-Mar-2018,24964.1,25040.25,24362.05,24448.45,      135108832,         3586.37
07-Mar-2018,24333.85,24373.4,24096.75,24134.1,      187523331,         4460.36
08-Mar-2018,24273.9,24534.5,24048.55,24477.65,      169549517,         4215.95
09-Mar-2018,24556.95,24564.75,24259.7,24296.45,-,-
12-Mar-2018,24443.6,24716.05,24358.5,24664.2,      165215227,         3391.70
13-Mar-2018,24624.6,25009.65,24597.55,24738.65,      235984528,         4796.93
14-Mar-2018,24629.65,24894.3,24487.0,24851.65,      209048209,         3970.26
15-Mar-2018,24854.3,24939.85,24732.0,24791.85,      130382242,         2965.53
16-Mar-2018,24753.65,24785.35,24439.15,24489.55,      189684825,         4972.47
19-Mar-2018,24530.15,24588.05,24186.95,24245.1,      147614260,         3469.57
20-Mar-2018,24133.95,24355.65,24082.95,24168.2,      127991875,         2880.10
21-Mar-2018,24331.3,24459.75,24208.65,24255.6,-,-
22-Mar-2018,24252.95,24314.4,24094.85,24141.5,      131439602,         3671.41
23-Mar-2018,23785.65,23796.3,23605.6,23670.4,      180649286,         5169.06
26-Mar-2018,23674.9,24290.65,23657.05,24244.35,      193627423,         5403.07
27-Mar-2018,24396.4,24496.95,24266.4,24434.15,      178620655,         4150.30
28-Mar-2018,24299.5,24361.0,24203.4,24263.35,      183841858,         5211.90
02-Apr-2018,24235.65,24373.4,24062.95,24328.5,-,-
03-Apr-2018,24285.95,24538.0,24254.35,24510.6,-,-
04-Apr-2018,24502.5,24666.3,24087.8,24129.5,      126222576,         3124.06
05-Apr-2018,24394.45,24824.9,24380.85,24759.8,      133764907,         3277.00
06-Apr-2018,24776.35,24933.6,24626.4,24873.15,      160970708,         3373.86
09-Apr-2018,24848.85,25152.85,24828.0,25093.8,-,-
10-Apr-2018,25153.6,25279.9,25120.2,25226.8,      171760040,         4700.75
11-Apr-2018,25198.35,25207.05,24950.3,25098.25,      107073367,         2600.16
12-Apr-2018,25076.9,25244.8,24969.4,25195.1,      111777276,         2910.30
13-Apr-2018,25239.65,25411.3,25076.85,25200.6,      110293693,         3092.82
16-Apr-2018,25082.1,25348.55,25067.35,25320.85,       89034228,         2419.76
17-Apr-2018,25383.75,25402.55,25224.0,25334.45,       89721865,         2271.22
18-Apr-2018,25426.75,25426.75,25058.75,25102.3,-,-
19-Apr-2018,25206.45,25207.3,25049.7,25126.15,       95466036,         2862.17
20-Apr-2018,25126.8,25126.8,24839.3,24943.85,      109581669,         3213.87
23-Apr-2018,25065.5,25084.15,24466.1,24960.65,       82787891,         2792.74
24-Apr-2018,24972.2,25123.45,24955.0,25042.1,       87396011,         2569.82
25-Apr-2018,24993.4,24993.4,24734.6,24814.4,       81840418,         2183.16
26-Apr-2018,24833.2,25064.0,24753.4,25010.9,      173426201,         5472.93
27-Apr-2018,25030.15,25441.5,25029.65,25394.6,      232368278,         7611.56
30-Apr-2018,25490.15,25617.5,25464.8,25531.6,      124580678,         4038.16
02-May-2018,25607.05,25716.75,25499.35,25568.3,      117929750,         4671.44
03-May-2018,25547.9,25653.45,25469.05,25605.25,      100388024,         3153.73
04-May-2018,25632.3,25680.4,25537.7,25645.4,       97343104,         2601.08
07-May-2018,25676.25,25913.5,25675.15,25852.05,       92743092,         2919.95
08-May-2018,26074.15,26116.25,25954.6,26090.5,      198848914,         5933.21
09-May-2018,25988.1,26206.5,25946.3,26154.45,       96440863,         2809.40
10-May-2018,26216.1,26266.4,26057.2,26131.0,      214481883,         4182.07
11-May-2018,26173.7,26437.25,26099.85,26413.15,      109005797,         2559.59
14-May-2018,26404.45,26565.4,26338.05,26475.15,       97254252,         2350.74
15-May-2018,26494.9,26972.05,26407.3,26474.0,      150002630,         3797.98
16-May-2018,26269.35,26428.35,26102.15,26182.15,      232083519,         4137.85
17-May-2018,26233.2,26283.55,26012.0,26073.8,      126926383,         2743.08
18-May-2018,26025.6,26032.0,25839.0,25875.6,      113573727,         2898.79
21-May-2018,26017.5,26066.75,25685.35,25750.8,      120004208,         2859.70
22-May-2018,25780.25,25945.65,25701.35,25777.7,      179388885,         3854.09
23-May-2018,25726.95,25903.9,25622.15,25684.95,      170573849,         4225.48
24-May-2018,25722.9,26073.1,25658.4,26016.8,      110029603,         2831.27
25-May-2018,26066.75,26325.55,26031.45,26273.55,       98939554,         2451.82
28-May-2018,26291.65,26713.65,26273.9,26614.25,      136868774,         3135.71
29-May-2018,26567.25,26570.95,26221.1,26254.8,      106152966,         2563.90
30-May-2018,26039.9,26405.45,25980.85,26327.8,      118974102,         3093.10
31-May-2018,26587.0,27164.55,26354.55,26956.2,      318900279,         7879.98
01-Jun-2018,26913.4,26996.8,26658.55,26692.8,      132336254,         4017.91
04-Jun-2018,27023.7,27047.55,26205.9,26257.55,      137561064,         7188.74
05-Jun-2018,26263.0,26342.4,26069.55,26251.0,      107940100,         3169.87
06-Jun-2018,26266.9,26425.2,26147.8,26367.6,      144159415,         3007.56
07-Jun-2018,26577.95,26766.95,26483.9,26517.8,      131294980,         3421.62
08-Jun-2018,26457.25,26481.0,26284.2,26451.35,      115660362,         2840.81
11-Jun-2018,26473.2,26653.0,26421.95,26453.55,      144115066,         3245.59
12-Jun-2018,26566.6,26656.45,26449.85,26607.1,      132109351,         3130.92
13-Jun-2018,26721.95,26765.45,26598.2,26642.8,      116844183,         3247.43
14-Jun-2018,26612.3,26623.25,26503.1,26562.25,       99120546,         3053.24
15-Jun-2018,26513.7,26586.4,26344.95,26417.4,      147563095,         4291.75
18-Jun-2018,26444.3,26477.5,26322.45,26409.3,      101362059,         2768.39
19-Jun-2018,26448.1,26448.1,26224.75,26265.75,      112377787,         3350.41
20-Jun-2018,26320.45,26574.75,26309.95,26557.7,      105129754,         2731.02
21-Jun-2018,26645.3,26682.95,26454.95,26496.95,      122194668,         3194.16
22-Jun-2018,26518.4,26806.55,26364.25,26766.85,      127690793,         2984.13
25-Jun-2018,26718.15,26804.9,26573.0,26609.7,       89753825,         2294.57
26-Jun-2018,26495.65,26712.6,26479.65,26601.7,       97355424,         2542.42
27-Jun-2018,26616.3,26634.3,26336.5,26423.4,      124787831,         3704.42
28-Jun-2018,26398.1,26487.85,26161.0,26324.6,      242245847,         5891.37
29-Jun-2018,26312.7,26465.0,26291.35,26364.2,      128238510,         3866.66
02-Jul-2018,26364.45,26371.6,26060.6,26230.3,      174872280,         4472.48
03-Jul-2018,26210.1,26316.1,26142.0,26204.1,      104588044,         2547.80
04-Jul-2018,26249.25,26480.5,26132.9,26433.95,       82888322,         2201.98
05-Jul-2018,26481.55,26598.45,26415.2,26503.3,       91431872,         2632.52
06-Jul-2018,26427.55,26609.85,26410.0,26493.85,      120291139,         3037.92
09-Jul-2018,26642.35,26781.2,26611.55,26753.3,      101833058,         2986.56
10-Jul-2018,26844.55,26939.55,26778.5,26894.55,      103574099,         3700.96
11-Jul-2018,26900.65,26938.85,26774.6,26816.2,       91728787,         2611.23
12-Jul-2018,26937.5,27164.8,26936.05,27026.55,      108520112,         2970.49
13-Jul-2018,27046.85,27102.35,26902.3,26935.95,      102571130,         2814.78
16-Jul-2018,26914.5,26939.05,26643.95,26679.8,      105758457,         2848.73
17-Jul-2018,26662.85,27041.35,26653.65,27008.1,      217931631,         3847.03
18-Jul-2018,27107.35,27187.15,26834.45,26880.9,      192207622,         4231.03
19-Jul-2018,26960.2,27025.45,26730.1,26789.65,      130746919,         3820.62
20-Jul-2018,26764.4,26946.55,26718.6,26873.2,       84205472,         2800.09
23-Jul-2018,26701.3,27040.1,26671.35,27008.15,      125717272,         3638.84
24-Jul-2018,26984.15,27128.0,26868.15,26974.4,      115100157,         2833.32
25-Jul-2018,26992.55,27074.0,26939.35,27031.3,      100793998,         3015.78
26-Jul-2018,27054.7,27455.1,27045.05,27406.4,      256486512,         7635.50
27-Jul-2018,27497.8,27661.05,27455.0,27634.4,      215768964,         5073.75
30-Jul-2018,27767.65,27873.7,27607.95,27842.6,      308460689,         6975.01
31-Jul-2018,27797.2,27839.2,27651.3,27764.15,      185189252,         5102.60
01-Aug-2018,27684.8,27820.15,27477.9,27596.6,      152825700,         3734.84
02-Aug-2018,27469.5,27487.9,27327.95,27355.95,      119103729,         3215.97
03-Aug-2018,27471.95,27723.0,27448.15,27695.5,      164821344,         4529.27
06-Aug-2018,27769.55,27994.0,27766.05,27898.5,      184016610,         5115.36
07-Aug-2018,27972.95,27988.2,27827.3,27875.9,      249213872,         5160.75
08-Aug-2018,27930.55,28128.65,27858.75,28062.45,      149989901,         3628.81
09-Aug-2018,28173.65,28363.4,28132.0,28320.0,      254180287,         7260.85
10-Aug-2018,28348.95,28377.9,28087.65,28124.25,      285470698,         7773.78
13-Aug-2018,27760.8,27911.85,27739.5,27794.4,      165765211,         4690.84
14-Aug-2018,27864.4,28053.05,27854.9,28021.7,      116466884,         3336.18
16-Aug-2018,27836.15,28013.1,27779.5,27826.55,      185103463,         5983.13
17-Aug-2018,27991.75,28178.15,27953.8,28128.55,      156310659,         4475.50
20-Aug-2018,28171.65,28322.3,28171.65,28274.25,      177840658,         3902.35
21-Aug-2018,28295.85,28305.95,28151.9,28257.9,      142439166,         3981.61
23-Aug-2018,28321.95,28325.45,27965.35,28027.9,      133387354,         4353.40
24-Aug-2018,27954.25,28122.75,27782.8,27834.7,      169952869,         4734.87
27-Aug-2018,27971.25,28317.75,27958.2,28264.2,      146706980,         4960.34
28-Aug-2018,28379.9,28388.65,28152.7,28269.65,      144026112,         4298.92
29-Aug-2018,28233.4,28344.1,28167.8,28224.1,      168875762,         5230.80
30-Aug-2018,28233.7,28233.7,27961.75,28103.25,      186360757,         6092.45
31-Aug-2018,27998.0,28157.35,27940.95,28061.75,      229622699,         7069.12
03-Sep-2018,28199.45,28203.2,27777.4,27819.5,      127011210,         3746.12
04-Sep-2018,27845.55,27875.15,27385.85,27430.75,      165858496,         4714.18
05-Sep-2018,27409.3,27506.3,27136.05,27376.05,      131880484,         3854.47
06-Sep-2018,27464.25,27552.8,27246.25,27468.7,      120287292,         3808.19
07-Sep-2018,27439.25,27512.5,27232.8,27481.45,      144905496,         4409.73
10-Sep-2018,27395.2,27404.85,27142.55,27201.75,      178147552,         6363.64
11-Sep-2018,27295.2,27318.45,26772.25,26807.5,      160826279,         5575.27
12-Sep-2018,26895.15,26895.15,26555.15,26819.2,      174201027,         4921.26
14-Sep-2018,27059.85,27205.75,26989.8,27163.85,      136633270,         4403.10
17-Sep-2018,27002.6,27002.6,26743.4,26820.3,      115283101,         3192.51
18-Sep-2018,26757.0,26901.05,26407.45,26441.45,      308575632,         6201.28
19-Sep-2018,26532.0,26611.6,26235.7,26277.35,      244393690,         5745.50
21-Sep-2018,26331.05,26490.4,25053.35,25596.9,      547285580,        14634.54
24-Sep-2018,25645.05,25649.7,24904.5,24970.35,      272396270,         7233.55
25-Sep-2018,24947.7,25406.95,24678.25,25330.35,      329548199,         8339.92
26-Sep-2018,25525.1,25525.1,25197.35,25376.3,      215055339,         5556.79
27-Sep-2018,25442.1,25452.5,25007.05,25042.15,      262822577,         6524.63
28-Sep-2018,25135.8,25354.7,24919.25,25119.85,      367109389,         7890.09
01-Oct-2018,24943.9,25412.15,24707.65,25367.0,      304703170,         8248.86
03-Oct-2018,25290.55,25470.05,25026.35,25069.9,      261054513,         7025.24
04-Oct-2018,24735.15,24893.4,24501.05,24819.3,      245813411,         6980.52
05-Oct-2018,24741.65,25080.2,24250.65,24443.45,      230429144,         6217.03
08-Oct-2018,24470.75,24745.35,24240.05,24618.35,      223867274,         5799.32
09-Oct-2018,24703.65,24759.9,24464.9,24527.65,      175374004,         4179.44
10-Oct-2018,24596.6,25371.15,24559.9,25321.7,      227005049,         5962.10
11-Oct-2018,24541.75,24940.1,24493.7,24783.95,      255410789,         6721.36
12-Oct-2018,25001.95,25484.2,24975.45,25395.85,      200602244,         5803.45
15-Oct-2018,25444.0,25466.2,25147.8,25388.05,      146636264,         4393.26
16-Oct-2018,25414.2,25707.05,25351.8,25589.65,      226063396,         5917.40
17-Oct-2018,25839.1,25915.35,25101.95,25188.6,      182759960,         4927.19
19-Oct-2018,24966.5,25277.9,24922.65,25085.8,      200900442,         5390.27
22-Oct-2018,25484.25,25504.75,25021.35,25078.6,      172423369,         6136.64
23-Oct-2018,24786.9,25124.6,24784.9,24972.45,      144911236,         5373.28
24-Oct-2018,25312.7,25356.9,24839.65,25064.2,      176623910,         5399.39
25-Oct-2018,24841.5,24977.35,24696.85,24817.45,      215033794,         6855.91
26-Oct-2018,24771.85,24771.95,24353.1,24421.05,      219130974,         5370.59
29-Oct-2018,24647.95,25023.75,24404.55,24959.7,      279844102,         8145.83
30-Oct-2018,24924.75,25121.5,24686.85,24807.75,      257591034,         6320.86
31-Oct-2018,24823.8,25201.3,24528.35,25153.25,      241789641,         6831.52
01-Nov-2018,25285.2,25401.6,25129.45,25323.65,      216612149,         6629.38
02-Nov-2018,25545.35,25856.25,25499.15,25701.65,      297782501,         7743.94
05-Nov-2018,25731.55,25788.2,25534.4,25732.2,      188023500,         5530.01
06-Nov-2018,25747.4,25860.75,25558.35,25598.0,      162090341,         5015.97
07-Nov-2018,25818.1,25824.4,25698.1,25737.5,       18966564,          498.12
09-Nov-2018,25742.55,25822.75,25598.75,25771.0,      145005871,         4275.96
12-Nov-2018,25816.15,25907.2,25495.1,25539.75,      115950746,         3409.51
13-Nov-2018,25422.0,25796.5,25384.55,25768.6,      141869413,         3960.71
14-Nov-2018,25952.4,26045.05,25806.7,25930.15,      194940269,         6211.45
15-Nov-2018,25946.2,26197.6,25728.0,26154.75,      171790148,         4842.53
16-Nov-2018,26205.35,26332.75,26122.55,26245.55,      235671044,         6161.73
19-Nov-2018,26364.6,26379.1,26204.35,26300.7,      172343045,         4593.46
20-Nov-2018,26211.5,26259.4,26041.8,26113.35,      189681759,         4547.93
21-Nov-2018,26105.45,26342.05,26060.55,26262.05,      159319280,         4105.57
22-Nov-2018,26233.65,26323.95,25947.85,25999.45,      153931487,         3578.29
26-Nov-2018,26096.0,26396.6,26025.05,26365.6,      174542785,         4851.74
27-Nov-2018,26286.1,26491.25,26268.65,26443.1,      176101916,         4878.41
28-Nov-2018,26489.65,26584.95,26419.65,26457.95,      255358541,         6055.94
29-Nov-2018,26641.6,27003.75,26577.15,26939.6,      472107464,        11697.23
30-Nov-2018,27009.3,27012.7,26764.9,26862.95,      228852954,         5768.23
03-Dec-2018,27032.9,27037.1,26791.65,26857.55,      205823981,         4958.19
04-Dec-2018,26809.5,26843.8,26644.75,26693.8,      172608502,         4095.43
05-Dec-2018,26572.1,26627.35,26443.65,26519.6,      144478743,         4026.28
06-Dec-2018,26339.1,26359.9,26149.45,26198.3,      139141747,         3758.91
07-Dec-2018,26307.4,26659.7,26252.1,26594.3,      185529990,         7950.15
10-Dec-2018,26073.65,26336.2,26072.0,26102.65,      156932519,         5857.99
11-Dec-2018,25602.25,26227.9,25598.95,26163.4,      264187458,         7737.87
12-Dec-2018,26286.25,26672.7,26214.75,26643.85,      215679380,         5612.44
13-Dec-2018,26844.15,26951.45,26723.65,26816.35,      236399763,         5611.02
14-Dec-2018,26810.85,26909.0,26732.7,26826.0,      168458080,         3706.72
17-Dec-2018,26915.45,27051.4,26908.6,27015.8,      118695599,         3813.30
18-Dec-2018,26917.3,27210.05,26840.8,27174.7,      158144343,         3755.54
19-Dec-2018,27229.05,27364.35,27214.3,27298.4,      215616915,         5199.28
20-Dec-2018,27128.65,27309.1,27084.5,27275.1,      191698257,         4427.58
21-Dec-2018,27261.25,27369.1,26823.1,26869.65,      177065617,         4099.45
24-Dec-2018,26877.05,26934.85,26676.95,26714.75,      128003648,         2772.52
26-Dec-2018,26634.0,27029.15,26408.15,26986.8,      148910853,         3447.39
27-Dec-2018,27200.65,27239.95,26845.1,26878.55,      169903194,         4347.66
28-Dec-2018,27048.4,27213.45,27039.6,27125.25,      109836090,         3095.11
31-Dec-2018,27267.8,27286.5,27105.0,27160.2,       83813951,         2374.23
